{
  "HTTP Request-3" : {
    "transaction" : "HTTP Request-3",
    "sampleCount" : 100,
    "errorCount" : 0,
    "errorPct" : 0.0,
    "meanResTime" : 362.87999999999994,
    "medianResTime" : 373.5,
    "minResTime" : 288.0,
    "maxResTime" : 408.0,
    "pct1ResTime" : 390.0,
    "pct2ResTime" : 393.84999999999997,
    "pct3ResTime" : 407.9,
    "throughput" : 2.01950845164287,
    "receivedKBytesPerSec" : 200.67380189505624,
    "sentKBytesPerSec" : 0.49501623179918003
  },
  "HTTP Request-2" : {
    "transaction" : "HTTP Request-2",
    "sampleCount" : 100,
    "errorCount" : 0,
    "errorPct" : 0.0,
    "meanResTime" : 897.5500000000002,
    "medianResTime" : 879.0,
    "minResTime" : 269.0,
    "maxResTime" : 1922.0,
    "pct1ResTime" : 1139.5,
    "pct2ResTime" : 1376.8,
    "pct3ResTime" : 1918.7999999999984,
    "throughput" : 2.0023226943254175,
    "receivedKBytesPerSec" : 3.378919546674142,
    "sentKBytesPerSec" : 0.2385579772536142
  },
  "HTTP Request-1" : {
    "transaction" : "HTTP Request-1",
    "sampleCount" : 100,
    "errorCount" : 0,
    "errorPct" : 0.0,
    "meanResTime" : 145.39999999999998,
    "medianResTime" : 147.0,
    "minResTime" : 122.0,
    "maxResTime" : 165.0,
    "pct1ResTime" : 152.0,
    "pct2ResTime" : 153.0,
    "pct3ResTime" : 164.98,
    "throughput" : 2.033098849266051,
    "receivedKBytesPerSec" : 1.4970278636197292,
    "sentKBytesPerSec" : 0.24818101187329727
  },
  "Total" : {
    "transaction" : "Total",
    "sampleCount" : 500,
    "errorCount" : 0,
    "errorPct" : 0.0,
    "meanResTime" : 617.8420000000003,
    "medianResTime" : 373.0,
    "minResTime" : 121.0,
    "maxResTime" : 2504.0,
    "pct1ResTime" : 1533.8000000000002,
    "pct2ResTime" : 1590.9,
    "pct3ResTime" : 1977.9,
    "throughput" : 9.808344939874845,
    "receivedKBytesPerSec" : 402.26926788061286,
    "sentKBytesPerSec" : 2.3716271553838006
  },
  "HTTP Request-0" : {
    "transaction" : "HTTP Request-0",
    "sampleCount" : 100,
    "errorCount" : 0,
    "errorPct" : 0.0,
    "meanResTime" : 137.74,
    "medianResTime" : 136.0,
    "minResTime" : 121.0,
    "maxResTime" : 482.0,
    "pct1ResTime" : 142.9,
    "pct2ResTime" : 144.0,
    "pct3ResTime" : 478.6899999999983,
    "throughput" : 2.0188153591472524,
    "receivedKBytesPerSec" : 1.4957962901744257,
    "sentKBytesPerSec" : 0.2385514242742359
  },
  "HTTP Request" : {
    "transaction" : "HTTP Request",
    "sampleCount" : 100,
    "errorCount" : 0,
    "errorPct" : 0.0,
    "meanResTime" : 1545.6400000000003,
    "medianResTime" : 1526.5,
    "minResTime" : 928.0,
    "maxResTime" : 2504.0,
    "pct1ResTime" : 1802.3000000000002,
    "pct2ResTime" : 1977.5,
    "pct3ResTime" : 2501.2899999999986,
    "throughput" : 1.961668987974969,
    "receivedKBytesPerSec" : 201.13463394030643,
    "sentKBytesPerSec" : 1.1858135776919003
  }
}