{
  "HTTP Request-3" : {
    "transaction" : "HTTP Request-3",
    "sampleCount" : 100,
    "errorCount" : 0,
    "errorPct" : 0.0,
    "meanResTime" : 360.62,
    "medianResTime" : 367.5,
    "minResTime" : 283.0,
    "maxResTime" : 489.0,
    "pct1ResTime" : 388.9,
    "pct2ResTime" : 399.6499999999999,
    "pct3ResTime" : 488.71999999999986,
    "throughput" : 2.0028440385347195,
    "receivedKBytesPerSec" : 198.93324692938972,
    "sentKBytesPerSec" : 0.49093149772677197
  },
  "HTTP Request-2" : {
    "transaction" : "HTTP Request-2",
    "sampleCount" : 100,
    "errorCount" : 0,
    "errorPct" : 0.0,
    "meanResTime" : 826.3299999999999,
    "medianResTime" : 794.5,
    "minResTime" : 282.0,
    "maxResTime" : 1504.0,
    "pct1ResTime" : 931.6,
    "pct2ResTime" : 1036.2499999999998,
    "pct3ResTime" : 1501.919999999999,
    "throughput" : 2.0048115477145148,
    "receivedKBytesPerSec" : 3.3831194867682437,
    "sentKBytesPerSec" : 0.2388545008019246
  },
  "HTTP Request-1" : {
    "transaction" : "HTTP Request-1",
    "sampleCount" : 100,
    "errorCount" : 0,
    "errorPct" : 0.0,
    "meanResTime" : 140.73000000000002,
    "medianResTime" : 138.5,
    "minResTime" : 125.0,
    "maxResTime" : 194.0,
    "pct1ResTime" : 149.9,
    "pct2ResTime" : 161.74999999999994,
    "pct3ResTime" : 193.95999999999998,
    "throughput" : 2.035457672657697,
    "receivedKBytesPerSec" : 1.4991622819515968,
    "sentKBytesPerSec" : 0.2484689541818478
  },
  "Total" : {
    "transaction" : "Total",
    "sampleCount" : 500,
    "errorCount" : 0,
    "errorPct" : 0.0,
    "meanResTime" : 586.4280000000002,
    "medianResTime" : 367.0,
    "minResTime" : 121.0,
    "maxResTime" : 2113.0,
    "pct1ResTime" : 1473.9,
    "pct2ResTime" : 1542.95,
    "pct3ResTime" : 1648.9,
    "throughput" : 9.820288716488264,
    "receivedKBytesPerSec" : 402.5994994721595,
    "sentKBytesPerSec" : 2.3745151232446235
  },
  "HTTP Request-0" : {
    "transaction" : "HTTP Request-0",
    "sampleCount" : 100,
    "errorCount" : 0,
    "errorPct" : 0.0,
    "meanResTime" : 137.35000000000005,
    "medianResTime" : 133.0,
    "minResTime" : 121.0,
    "maxResTime" : 497.0,
    "pct1ResTime" : 144.9,
    "pct2ResTime" : 151.74999999999994,
    "pct3ResTime" : 493.6499999999983,
    "throughput" : 2.020936906349784,
    "receivedKBytesPerSec" : 1.5002693529970494,
    "sentKBytesPerSec" : 0.23880211491047248
  },
  "HTTP Request" : {
    "transaction" : "HTTP Request",
    "sampleCount" : 100,
    "errorCount" : 0,
    "errorPct" : 0.0,
    "meanResTime" : 1467.1099999999994,
    "medianResTime" : 1470.5,
    "minResTime" : 931.0,
    "maxResTime" : 2113.0,
    "pct1ResTime" : 1604.7,
    "pct2ResTime" : 1648.5,
    "pct3ResTime" : 2111.049999999999,
    "throughput" : 1.964057743297653,
    "receivedKBytesPerSec" : 201.29974973607975,
    "sentKBytesPerSec" : 1.1872575616223118
  }
}